<?xml version="1.0" encoding="UTF-8"?>
<metadata xml:lang="fr"><Esri><CreaDate>20250610</CreaDate><CreaTime>09510500</CreaTime><ArcGISFormat>1.0</ArcGISFormat><SyncOnce>FALSE</SyncOnce><DataProperties><lineage><Process ToolSource="c:\program files (x86)\arcgis\desktop10.8\ArcToolbox\Toolboxes\Data Management Tools.tbx\CalculateField" Date="20250410" Time="131959">CalculateField C_YOMOU_ZD ID_ZD "[C_COMMUNE] &amp; [NUM_ZD]" VB #</Process><Process ToolSource="c:\program files (x86)\arcgis\desktop10.8\ArcToolbox\Toolboxes\Data Management Tools.tbx\Merge" Date="20250412" Time="094114">Merge C_YOMOU_ZD;C_NZEREKORE_ZD;C_MACENTA_ZD;C_LOLA_ZD;C_GUECKEDOU_ZD;C_BEYLA_ZD C:\Users\gncartorgph4\Documents\ArcGIS\Default.gdb\C_YOMOU_ZD_Merge "MILIEU "MILIEU" true true false 10 Text 0 0 ,First,#,C_YOMOU_ZD,MILIEU,-1,-1,C_NZEREKORE_ZD,MILIEU,-1,-1,C_MACENTA_ZD,MILIEU,-1,-1,C_LOLA_ZD,MILIEU,-1,-1,C_GUECKEDOU_ZD,MILIEU,-1,-1,C_BEYLA_ZD,MILIEU,-1,-1;NUM_ZD "NUM_ZD" true true false 10 Text 0 0 ,First,#,C_YOMOU_ZD,NUM_ZD,-1,-1,C_NZEREKORE_ZD,NUM_ZD,-1,-1,C_MACENTA_ZD,NUM_ZD,-1,-1,C_LOLA_ZD,NUM_ZD,-1,-1,C_GUECKEDOU_ZD,NUM_ZD,-1,-1,C_BEYLA_ZD,NUM_ZD,-1,-1;TAILLE_ZD "TAILLE_ZD" true true false 10 Text 0 0 ,First,#,C_YOMOU_ZD,TAILLE_ZD,-1,-1,C_NZEREKORE_ZD,TAILLE_ZD,-1,-1,C_MACENTA_ZD,TAILLE_ZD,-1,-1,C_LOLA_ZD,TAILLE_ZD,-1,-1,C_GUECKEDOU_ZD,TAILLE_ZD,-1,-1,C_BEYLA_ZD,TAILLE_ZD,-1,-1;CODE_ZD "CODE_ZD" true true false 10 Text 0 0 ,First,#,C_YOMOU_ZD,CODE_ZD,-1,-1,C_NZEREKORE_ZD,CODE_ZD,-1,-1,C_MACENTA_ZD,CODE_ZD,-1,-1,C_LOLA_ZD,CODE_ZD,-1,-1,C_GUECKEDOU_ZD,CODE_ZD,-1,-1,C_BEYLA_ZD,CODE_ZD,-1,-1;CODE_ZC "CODE_ZC" true true false 10 Text 0 0 ,First,#,C_YOMOU_ZD,CODE_ZC,-1,-1,C_NZEREKORE_ZD,CODE_ZC,-1,-1,C_MACENTA_ZD,CODE_ZC,-1,-1,C_LOLA_ZD,CODE_ZC,-1,-1,C_GUECKEDOU_ZD,CODE_ZC,-1,-1,C_BEYLA_ZD,CODE_ZC,-1,-1;CODE_ZS "CODE_ZS" true true false 50 Text 0 0 ,First,#,C_YOMOU_ZD,CODE_ZS,-1,-1,C_NZEREKORE_ZD,CODE_ZS,-1,-1,C_MACENTA_ZD,CODE_ZS,-1,-1,C_LOLA_ZD,CODE_ZS,-1,-1,C_GUECKEDOU_ZD,CODE_ZS,-1,-1,C_BEYLA_ZD,CODE_ZS,-1,-1;C_REGION "C_REGION" true true false 10 Long 0 10 ,First,#,C_YOMOU_ZD,C_REGION,-1,-1,C_NZEREKORE_ZD,C_REGION,-1,-1,C_MACENTA_ZD,C_REGION,-1,-1,C_LOLA_ZD,C_REGION,-1,-1,C_GUECKEDOU_ZD,C_REGION,-1,-1,C_BEYLA_ZD,C_REGION,-1,-1;N_REGION "N_REGION" true true false 254 Text 0 0 ,First,#,C_YOMOU_ZD,N_REGION,-1,-1,C_NZEREKORE_ZD,N_REGION,-1,-1,C_MACENTA_ZD,N_REGION,-1,-1,C_LOLA_ZD,N_REGION,-1,-1,C_GUECKEDOU_ZD,N_REGION,-1,-1,C_BEYLA_ZD,N_REGION,-1,-1;C_PREFECTU "C_PREFECTU" true true false 10 Long 0 10 ,First,#,C_YOMOU_ZD,C_PREFECTU,-1,-1,C_NZEREKORE_ZD,C_PREFECTU,-1,-1,C_MACENTA_ZD,C_PREFECTU,-1,-1,C_LOLA_ZD,C_PREFECTU,-1,-1,C_GUECKEDOU_ZD,C_PREFECTU,-1,-1,C_BEYLA_ZD,C_PREFECTU,-1,-1;N_PREFECTU "N_PREFECTU" true true false 254 Text 0 0 ,First,#,C_YOMOU_ZD,N_PREFECTU,-1,-1,C_NZEREKORE_ZD,N_PREFECTU,-1,-1,C_MACENTA_ZD,N_PREFECTU,-1,-1,C_LOLA_ZD,N_PREFECTU,-1,-1,C_GUECKEDOU_ZD,N_PREFECTU,-1,-1,C_BEYLA_ZD,N_PREFECTU,-1,-1;C_COMMUNE "C_COMMUNE" true true false 10 Long 0 10 ,First,#,C_YOMOU_ZD,C_COMMUNE,-1,-1,C_NZEREKORE_ZD,C_COMMUNE,-1,-1,C_MACENTA_ZD,C_COMMUNE,-1,-1,C_LOLA_ZD,C_COMMUNE,-1,-1,C_GUECKEDOU_ZD,C_COMMUNE,-1,-1,C_BEYLA_ZD,C_COMMUNE,-1,-1;N_COMMUNE "N_COMMUNE" true true false 254 Text 0 0 ,First,#,C_YOMOU_ZD,N_COMMUNE,-1,-1,C_NZEREKORE_ZD,N_COMMUNE,-1,-1,C_MACENTA_ZD,N_COMMUNE,-1,-1,C_LOLA_ZD,N_COMMUNE,-1,-1,C_GUECKEDOU_ZD,N_COMMUNE,-1,-1,C_BEYLA_ZD,N_COMMUNE,-1,-1;C_QUARTIER "C_QUARTIER" true true false 10 Long 0 10 ,First,#,C_YOMOU_ZD,C_QUARTIER,-1,-1,C_NZEREKORE_ZD,C_QUARTIER,-1,-1,C_MACENTA_ZD,C_QUARTIER,-1,-1,C_LOLA_ZD,C_QUARTIER,-1,-1,C_GUECKEDOU_ZD,C_QUARTIER,-1,-1,C_BEYLA_ZD,C_QUARTIER,-1,-1;N_QUARTIER "N_QUARTIER" true true false 254 Text 0 0 ,First,#,C_YOMOU_ZD,N_QUARTIER,-1,-1,C_NZEREKORE_ZD,N_QUARTIER,-1,-1,C_MACENTA_ZD,N_QUARTIER,-1,-1,C_LOLA_ZD,N_QUARTIER,-1,-1,C_GUECKEDOU_ZD,N_QUARTIER,-1,-1,C_BEYLA_ZD,N_QUARTIER,-1,-1;ID_ZD "ID_ZD" true true false 20 Text 0 0 ,First,#,C_YOMOU_ZD,ID_ZD,-1,-1,C_NZEREKORE_ZD,ID_ZD,-1,-1,C_MACENTA_ZD,ID_ZD,-1,-1,C_LOLA_ZD,ID_ZD,-1,-1,C_GUECKEDOU_ZD,ID_ZD,-1,-1,C_BEYLA_ZD,ID_ZD,-1,-1"</Process><Process ToolSource="c:\program files (x86)\arcgis\desktop10.8\ArcToolbox\Toolboxes\Data Management Tools.tbx\Merge" Date="20250413" Time="155312">Merge C_RA_NZEREKORE_ZD;C_RA_MAMOU_ZD;C_RA_LABE_ZD;C_RA_KINDIA_ZD;C_RA_KANKAN_ZD;C_RA_FARANAH_ZD;C_RA_CONAKRY_ZD;C_RA_BOKE_ZD C:\Users\gncartorgph4\Documents\ArcGIS\Default.gdb\C_RA_NZEREKORE_ZD_Merge "MILIEU "MILIEU" true true false 10 Text 0 0 ,First,#,C_RA_NZEREKORE_ZD,MILIEU,-1,-1,C_RA_MAMOU_ZD,MILIEU,-1,-1,C_RA_LABE_ZD,MILIEU,-1,-1,C_RA_KINDIA_ZD,MILIEU,-1,-1,C_RA_KANKAN_ZD,MILIEU,-1,-1,C_RA_FARANAH_ZD,MILIEU,-1,-1,C_RA_CONAKRY_ZD,MILIEU,-1,-1,C_RA_BOKE_ZD,MILIEU,-1,-1;NUM_ZD "NUM_ZD" true true false 10 Text 0 0 ,First,#,C_RA_NZEREKORE_ZD,NUM_ZD,-1,-1,C_RA_MAMOU_ZD,NUM_ZD,-1,-1,C_RA_LABE_ZD,NUM_ZD,-1,-1,C_RA_KINDIA_ZD,NUM_ZD,-1,-1,C_RA_KANKAN_ZD,NUM_ZD,-1,-1,C_RA_FARANAH_ZD,NUM_ZD,-1,-1,C_RA_CONAKRY_ZD,NUM_ZD,-1,-1,C_RA_BOKE_ZD,NUM_ZD,-1,-1;TAILLE_ZD "TAILLE_ZD" true true false 10 Text 0 0 ,First,#,C_RA_NZEREKORE_ZD,TAILLE_ZD,-1,-1,C_RA_MAMOU_ZD,TAILLE_ZD,-1,-1,C_RA_LABE_ZD,TAILLE_ZD,-1,-1,C_RA_KINDIA_ZD,TAILLE_ZD,-1,-1,C_RA_KANKAN_ZD,TAILLE_ZD,-1,-1,C_RA_FARANAH_ZD,TAILLE_ZD,-1,-1,C_RA_CONAKRY_ZD,TAILLE_ZD,-1,-1,C_RA_BOKE_ZD,TAILLE_ZD,-1,-1;CODE_ZD "CODE_ZD" true true false 10 Text 0 0 ,First,#,C_RA_NZEREKORE_ZD,CODE_ZD,-1,-1,C_RA_MAMOU_ZD,CODE_ZD,-1,-1,C_RA_LABE_ZD,CODE_ZD,-1,-1,C_RA_KINDIA_ZD,CODE_ZD,-1,-1,C_RA_KANKAN_ZD,CODE_ZD,-1,-1,C_RA_FARANAH_ZD,CODE_ZD,-1,-1,C_RA_CONAKRY_ZD,CODE_ZD,-1,-1,C_RA_BOKE_ZD,CODE_ZD,-1,-1;CODE_ZC "CODE_ZC" true true false 10 Text 0 0 ,First,#,C_RA_NZEREKORE_ZD,CODE_ZC,-1,-1,C_RA_MAMOU_ZD,CODE_ZC,-1,-1,C_RA_LABE_ZD,CODE_ZC,-1,-1,C_RA_KINDIA_ZD,CODE_ZC,-1,-1,C_RA_KANKAN_ZD,CODE_ZC,-1,-1,C_RA_FARANAH_ZD,CODE_ZC,-1,-1,C_RA_CONAKRY_ZD,CODE_ZC,-1,-1,C_RA_BOKE_ZD,CODE_ZC,-1,-1;CODE_ZS "CODE_ZS" true true false 50 Text 0 0 ,First,#,C_RA_NZEREKORE_ZD,CODE_ZS,-1,-1,C_RA_MAMOU_ZD,CODE_ZS,-1,-1,C_RA_LABE_ZD,CODE_ZS,-1,-1,C_RA_KINDIA_ZD,CODE_ZS,-1,-1,C_RA_KANKAN_ZD,CODE_ZS,-1,-1,C_RA_FARANAH_ZD,CODE_ZS,-1,-1,C_RA_CONAKRY_ZD,CODE_ZS,-1,-1,C_RA_BOKE_ZD,CODE_ZS,-1,-1;C_REGION "C_REGION" true true false 4 Long 0 0 ,First,#,C_RA_NZEREKORE_ZD,C_REGION,-1,-1,C_RA_MAMOU_ZD,C_REGION,-1,-1,C_RA_LABE_ZD,C_REGION,-1,-1,C_RA_KINDIA_ZD,C_REGION,-1,-1,C_RA_KANKAN_ZD,C_REGION,-1,-1,C_RA_FARANAH_ZD,C_REGION,-1,-1,C_RA_CONAKRY_ZD,C_REGION,-1,-1,C_RA_BOKE_ZD,C_REGION,-1,-1;N_REGION "N_REGION" true true false 254 Text 0 0 ,First,#,C_RA_NZEREKORE_ZD,N_REGION,-1,-1,C_RA_MAMOU_ZD,N_REGION,-1,-1,C_RA_LABE_ZD,N_REGION,-1,-1,C_RA_KINDIA_ZD,N_REGION,-1,-1,C_RA_KANKAN_ZD,N_REGION,-1,-1,C_RA_FARANAH_ZD,N_REGION,-1,-1,C_RA_CONAKRY_ZD,N_REGION,-1,-1,C_RA_BOKE_ZD,N_REGION,-1,-1;C_PREFECTU "C_PREFECTU" true true false 4 Long 0 0 ,First,#,C_RA_NZEREKORE_ZD,C_PREFECTU,-1,-1,C_RA_MAMOU_ZD,C_PREFECTU,-1,-1,C_RA_LABE_ZD,C_PREFECTU,-1,-1,C_RA_KINDIA_ZD,C_PREFECTU,-1,-1,C_RA_KANKAN_ZD,C_PREFECTU,-1,-1,C_RA_FARANAH_ZD,C_PREFECTU,-1,-1,C_RA_CONAKRY_ZD,C_PREFECTU,-1,-1,C_RA_BOKE_ZD,C_PREFECTU,-1,-1;N_PREFECTU "N_PREFECTU" true true false 254 Text 0 0 ,First,#,C_RA_NZEREKORE_ZD,N_PREFECTU,-1,-1,C_RA_MAMOU_ZD,N_PREFECTU,-1,-1,C_RA_LABE_ZD,N_PREFECTU,-1,-1,C_RA_KINDIA_ZD,N_PREFECTU,-1,-1,C_RA_KANKAN_ZD,N_PREFECTU,-1,-1,C_RA_FARANAH_ZD,N_PREFECTU,-1,-1,C_RA_CONAKRY_ZD,N_PREFECTU,-1,-1,C_RA_BOKE_ZD,N_PREFECTU,-1,-1;C_COMMUNE "C_COMMUNE" true true false 4 Long 0 0 ,First,#,C_RA_NZEREKORE_ZD,C_COMMUNE,-1,-1,C_RA_MAMOU_ZD,C_COMMUNE,-1,-1,C_RA_LABE_ZD,C_COMMUNE,-1,-1,C_RA_KINDIA_ZD,C_COMMUNE,-1,-1,C_RA_KANKAN_ZD,C_COMMUNE,-1,-1,C_RA_FARANAH_ZD,C_COMMUNE,-1,-1,C_RA_CONAKRY_ZD,C_COMMUNE,-1,-1,C_RA_BOKE_ZD,C_COMMUNE,-1,-1;N_COMMUNE "N_COMMUNE" true true false 254 Text 0 0 ,First,#,C_RA_NZEREKORE_ZD,N_COMMUNE,-1,-1,C_RA_MAMOU_ZD,N_COMMUNE,-1,-1,C_RA_LABE_ZD,N_COMMUNE,-1,-1,C_RA_KINDIA_ZD,N_COMMUNE,-1,-1,C_RA_KANKAN_ZD,N_COMMUNE,-1,-1,C_RA_FARANAH_ZD,N_COMMUNE,-1,-1,C_RA_CONAKRY_ZD,N_COMMUNE,-1,-1,C_RA_BOKE_ZD,N_COMMUNE,-1,-1;C_QUARTIER "C_QUARTIER" true true false 4 Long 0 0 ,First,#,C_RA_NZEREKORE_ZD,C_QUARTIER,-1,-1,C_RA_MAMOU_ZD,C_QUARTIER,-1,-1,C_RA_LABE_ZD,C_QUARTIER,-1,-1,C_RA_KINDIA_ZD,C_QUARTIER,-1,-1,C_RA_KANKAN_ZD,C_QUARTIER,-1,-1,C_RA_FARANAH_ZD,C_QUARTIER,-1,-1,C_RA_CONAKRY_ZD,C_QUARTIER,-1,-1,C_RA_BOKE_ZD,C_QUARTIER,-1,-1;N_QUARTIER "N_QUARTIER" true true false 254 Text 0 0 ,First,#,C_RA_NZEREKORE_ZD,N_QUARTIER,-1,-1,C_RA_MAMOU_ZD,N_QUARTIER,-1,-1,C_RA_LABE_ZD,N_QUARTIER,-1,-1,C_RA_KINDIA_ZD,N_QUARTIER,-1,-1,C_RA_KANKAN_ZD,N_QUARTIER,-1,-1,C_RA_FARANAH_ZD,N_QUARTIER,-1,-1,C_RA_CONAKRY_ZD,N_QUARTIER,-1,-1,C_RA_BOKE_ZD,N_QUARTIER,-1,-1;ID_ZD "ID_ZD" true true false 20 Text 0 0 ,First,#,C_RA_NZEREKORE_ZD,ID_ZD,-1,-1,C_RA_MAMOU_ZD,ID_ZD,-1,-1,C_RA_LABE_ZD,ID_ZD,-1,-1,C_RA_KINDIA_ZD,ID_ZD,-1,-1,C_RA_KANKAN_ZD,ID_ZD,-1,-1,C_RA_FARANAH_ZD,ID_ZD,-1,-1,C_RA_CONAKRY_ZD,ID_ZD,-1,-1,C_RA_BOKE_ZD,ID_ZD,-1,-1;Shape_Length "Shape_Length" false true true 8 Double 0 0 ,First,#,C_RA_NZEREKORE_ZD,Shape_Length,-1,-1,C_RA_MAMOU_ZD,Shape_Length,-1,-1,C_RA_LABE_ZD,Shape_Length,-1,-1,C_RA_KINDIA_ZD,Shape_Length,-1,-1,C_RA_KANKAN_ZD,Shape_Length,-1,-1,C_RA_FARANAH_ZD,Shape_Length,-1,-1,C_RA_CONAKRY_ZD,Shape_Length,-1,-1,C_RA_BOKE_ZD,Shape_Length,-1,-1;Shape_Area "Shape_Area" false true true 8 Double 0 0 ,First,#,C_RA_NZEREKORE_ZD,Shape_Area,-1,-1,C_RA_MAMOU_ZD,Shape_Area,-1,-1,C_RA_LABE_ZD,Shape_Area,-1,-1,C_RA_KINDIA_ZD,Shape_Area,-1,-1,C_RA_KANKAN_ZD,Shape_Area,-1,-1,C_RA_FARANAH_ZD,Shape_Area,-1,-1,C_RA_CONAKRY_ZD,Shape_Area,-1,-1,C_RA_BOKE_ZD,Shape_Area,-1,-1"</Process><Process ToolSource="c:\program files (x86)\arcgis\desktop10.8\ArcToolbox\Toolboxes\Data Management Tools.tbx\CalculateField" Date="20250414" Time="165916">CalculateField GN_ZD_2025 N_COMMUNE "SAMANA" VB #</Process><Process ToolSource="c:\program files (x86)\arcgis\desktop10.8\ArcToolbox\Toolboxes\Data Management Tools.tbx\CalculateField" Date="20250414" Time="165928">CalculateField GN_ZD_2025 C_COMMUNE 0 VB #</Process><Process ToolSource="c:\program files (x86)\arcgis\desktop10.8\ArcToolbox\Toolboxes\Data Management Tools.tbx\CalculateField" Date="20250414" Time="172707">CalculateField GN_ZD_2025 ID_ZD "[C_COMMUNE] &amp; [NUM_ZD]" VB #</Process><Process ToolSource="c:\program files (x86)\arcgis\desktop10.8\ArcToolbox\Toolboxes\Data Management Tools.tbx\CalculateField" Date="20250414" Time="173543">CalculateField GN_ZD_2025 ID_ZD "[C_COMMUNE] &amp; [NUM_ZD]" VB #</Process><Process ToolSource="c:\program files (x86)\arcgis\desktop10.8\ArcToolbox\Toolboxes\Data Management Tools.tbx\CalculateField" Date="20250415" Time="093556">CalculateField GN_ZD_2025 ID_ZD "[C_COMMUNE] &amp; [NUM_ZD]" VB #</Process><Process ToolSource="c:\program files (x86)\arcgis\desktop10.8\ArcToolbox\Toolboxes\Data Management Tools.tbx\CalculateField" Date="20250415" Time="100947">CalculateField GN_ZD_2025 ID_ZD "[C_COMMUNE] &amp; [NUM_ZD]" VB #</Process><Process ToolSource="c:\program files (x86)\arcgis\desktop10.8\ArcToolbox\Toolboxes\Data Management Tools.tbx\CalculateField" Date="20250415" Time="101035">CalculateField GN_ZD_2025 ID_ZD "[C_COMMUNE] &amp; [NUM_ZD]" VB #</Process><Process ToolSource="c:\program files (x86)\arcgis\desktop10.8\ArcToolbox\Toolboxes\Data Management Tools.tbx\CalculateField" Date="20250415" Time="101139">CalculateField GN_ZD_2025 ID_ZD "[C_COMMUNE] &amp; [NUM_ZD]" VB #</Process><Process ToolSource="c:\program files (x86)\arcgis\desktop10.8\ArcToolbox\Toolboxes\Data Management Tools.tbx\CalculateField" Date="20250415" Time="101227">CalculateField GN_ZD_2025 ID_ZD "[C_COMMUNE] &amp; [NUM_ZD]" VB #</Process><Process ToolSource="c:\program files (x86)\arcgis\desktop10.8\ArcToolbox\Toolboxes\Data Management Tools.tbx\CalculateField" Date="20250415" Time="102645">CalculateField COUCHE_ZD\GN_ZD_2025 ID_ZD "[C_COMMUNE] &amp; [NUM_ZD]" VB #</Process><Process ToolSource="c:\program files (x86)\arcgis\desktop10.8\ArcToolbox\Toolboxes\Data Management Tools.tbx\CalculateField" Date="20250415" Time="120001">CalculateField GN_ZD_2025 ID_ZD "[C_COMMUNE] &amp; [NUM_ZD]" VB #</Process><Process ToolSource="c:\program files (x86)\arcgis\desktop10.8\ArcToolbox\Toolboxes\Data Management Tools.tbx\CalculateField" Date="20250415" Time="153711">CalculateField GN_ZD_2025 ID_ZD "[N_COMMUNE] &amp; [NUM_ZD]" VB #</Process><Process ToolSource="c:\program files (x86)\arcgis\desktop10.8\ArcToolbox\Toolboxes\Data Management Tools.tbx\CalculateField" Date="20250415" Time="153727">CalculateField GN_ZD_2025 ID_ZD "[C_COMMUNE] &amp; [NUM_ZD]" VB #</Process><Process ToolSource="c:\program files (x86)\arcgis\desktop10.8\ArcToolbox\Toolboxes\Data Management Tools.tbx\CalculateField" Date="20250415" Time="155518">CalculateField GN_ZD_2025 ID_ZD "[C_COMMUNE] &amp; [NUM_ZD]" VB #</Process><Process ToolSource="c:\program files (x86)\arcgis\desktop10.8\ArcToolbox\Toolboxes\Data Management Tools.tbx\CalculateField" Date="20250416" Time="112354">CalculateField GN_ZD_2025 ID_ZD "[C_COMMUNE] &amp; [NUM_ZD]" VB #</Process><Process ToolSource="c:\program files (x86)\arcgis\desktop10.8\ArcToolbox\Toolboxes\Data Management Tools.tbx\CalculateField" Date="20250416" Time="132912">CalculateField GN_ZD_2025 C_COMMUNE 4503 VB #</Process><Process ToolSource="c:\program files (x86)\arcgis\desktop10.8\ArcToolbox\Toolboxes\Data Management Tools.tbx\CalculateField" Date="20250416" Time="133506">CalculateField GN_ZD_2025 C_COMMUNE 4503 VB #</Process><Process ToolSource="c:\program files (x86)\arcgis\desktop10.8\ArcToolbox\Toolboxes\Data Management Tools.tbx\CalculateField" Date="20250416" Time="140512">CalculateField GN_ZD_2025 C_COMMUNE 4504 VB #</Process><Process ToolSource="c:\program files (x86)\arcgis\desktop10.8\ArcToolbox\Toolboxes\Data Management Tools.tbx\CalculateField" Date="20250416" Time="141606">CalculateField GN_ZD_2025 ID_ZD "[C_COMMUNE] &amp; [NUM_ZD]" VB #</Process><Process ToolSource="c:\program files (x86)\arcgis\desktop10.8\ArcToolbox\Toolboxes\Data Management Tools.tbx\CalculateField" Date="20250416" Time="142004">CalculateField GN_ZD_2025 C_COMMUNE 4505 VB #</Process><Process ToolSource="c:\program files (x86)\arcgis\desktop10.8\ArcToolbox\Toolboxes\Data Management Tools.tbx\CalculateField" Date="20250416" Time="142218">CalculateField GN_ZD_2025 ID_ZD "[C_COMMUNE] &amp; [NUM_ZD]" VB #</Process><Process ToolSource="c:\program files (x86)\arcgis\desktop10.8\ArcToolbox\Toolboxes\Data Management Tools.tbx\CalculateField" Date="20250416" Time="142302">CalculateField GN_ZD_2025 ID_ZD "[N_COMMUNE] &amp; [NUM_ZD]" VB #</Process><Process ToolSource="c:\program files (x86)\arcgis\desktop10.8\ArcToolbox\Toolboxes\Data Management Tools.tbx\CalculateField" Date="20250417" Time="104255">CalculateField GN_ZD_2025 ID_ZD "[C_COMMUNE] &amp; [NUM_ZD]" VB #</Process><Process ToolSource="c:\program files (x86)\arcgis\desktop10.8\ArcToolbox\Toolboxes\Data Management Tools.tbx\CalculateField" Date="20250417" Time="104437">CalculateField GN_ZD_2025 ID_ZD "[C_COMMUNE] &amp; [NUM_ZD]" VB #</Process><Process ToolSource="c:\program files (x86)\arcgis\desktop10.8\ArcToolbox\Toolboxes\Data Management Tools.tbx\CalculateField" Date="20250417" Time="105624">CalculateField GN_ZD_2025 ID_ZD "[C_COMMUNE] &amp; [NUM_ZD]" VB #</Process><Process ToolSource="c:\program files (x86)\arcgis\desktop10.8\ArcToolbox\Toolboxes\Data Management Tools.tbx\CalculateField" Date="20250417" Time="111807">CalculateField GN_ZD_2025 C_COMMUNE 4514 VB #</Process><Process ToolSource="c:\program files (x86)\arcgis\desktop10.8\ArcToolbox\Toolboxes\Data Management Tools.tbx\CalculateField" Date="20250417" Time="111827">CalculateField GN_ZD_2025 ID_ZD "[C_COMMUNE] &amp; [NUM_ZD]" VB #</Process><Process ToolSource="c:\program files (x86)\arcgis\desktop10.8\ArcToolbox\Toolboxes\Data Management Tools.tbx\Dissolve" Date="20250419" Time="040629">Dissolve GN_ZD_2025 C:\Users\gncartorgph4\Documents\ArcGIS\Default.gdb\GN_ZD_2025_Dissolve5 C_REGION;N_REGION;C_PREFECTU;N_PREFECTU;C_COMMUNE;N_COMMUNE;C_QUARTIER;N_QUARTIER # MULTI_PART DISSOLVE_LINES</Process><Process ToolSource="c:\program files (x86)\arcgis\desktop10.8\ArcToolbox\Toolboxes\Data Management Tools.tbx\Dissolve" Date="20250419" Time="040804">Dissolve GN_LIMITES_QUARTIERS_DISTRICTS C:\Users\gncartorgph4\Documents\ArcGIS\Default.gdb\GN_LIMITES_QUARTIERS_DISTRIC C_REGION;N_REGION;C_PREFECTU;N_PREFECTU;C_COMMUNE;N_COMMUNE # MULTI_PART DISSOLVE_LINES</Process></lineage><itemProps><itemName Sync="TRUE">GN_LIMITE_COMMUNES</itemName><imsContentType Sync="TRUE">002</imsContentType><itemLocation><linkage Sync="TRUE">file://\\LAPTOP-GILBERT\D$\GN_RGPH4_GDB\COUCHES.mdb</linkage><protocol Sync="TRUE">Local Area Network</protocol></itemLocation></itemProps><coordRef><type Sync="TRUE">Geographic</type><geogcsn Sync="TRUE">GCS_WGS_1984</geogcsn><csUnits Sync="TRUE">Angular Unit: Degree (0.017453)</csUnits><peXml Sync="TRUE">&lt;GeographicCoordinateSystem xsi:type='typens:GeographicCoordinateSystem' xmlns:xsi='http://www.w3.org/2001/XMLSchema-instance' xmlns:xs='http://www.w3.org/2001/XMLSchema' xmlns:typens='http://www.esri.com/schemas/ArcGIS/10.8'&gt;&lt;WKT&gt;GEOGCS[&amp;quot;GCS_WGS_1984&amp;quot;,DATUM[&amp;quot;D_WGS_1984&amp;quot;,SPHEROID[&amp;quot;WGS_1984&amp;quot;,6378137.0,298.257223563]],PRIMEM[&amp;quot;Greenwich&amp;quot;,0.0],UNIT[&amp;quot;Degree&amp;quot;,0.0174532925199433],AUTHORITY[&amp;quot;EPSG&amp;quot;,4326]]&lt;/WKT&gt;&lt;XOrigin&gt;-399.99999999999989&lt;/XOrigin&gt;&lt;YOrigin&gt;-399.99999999999989&lt;/YOrigin&gt;&lt;XYScale&gt;1000000000.0000001&lt;/XYScale&gt;&lt;ZOrigin&gt;-100000&lt;/ZOrigin&gt;&lt;ZScale&gt;10000&lt;/ZScale&gt;&lt;MOrigin&gt;-100000&lt;/MOrigin&gt;&lt;MScale&gt;10000&lt;/MScale&gt;&lt;XYTolerance&gt;8.9831528411952133e-09&lt;/XYTolerance&gt;&lt;ZTolerance&gt;0.001&lt;/ZTolerance&gt;&lt;MTolerance&gt;0.001&lt;/MTolerance&gt;&lt;HighPrecision&gt;true&lt;/HighPrecision&gt;&lt;LeftLongitude&gt;-180&lt;/LeftLongitude&gt;&lt;WKID&gt;4326&lt;/WKID&gt;&lt;LatestWKID&gt;4326&lt;/LatestWKID&gt;&lt;/GeographicCoordinateSystem&gt;</peXml></coordRef></DataProperties><SyncDate>20250419</SyncDate><SyncTime>04345200</SyncTime><ModDate>20250419</ModDate><ModTime>04345200</ModTime></Esri><dataIdInfo><envirDesc Sync="TRUE"> Version 6.2 (Build 9200) ; Esri ArcGIS 10.9.1.28388</envirDesc><dataLang><languageCode value="fra" Sync="TRUE"></languageCode><countryCode value="FRA" Sync="TRUE"></countryCode></dataLang><idCitation><resTitle Sync="TRUE">GN_LIMITE_COMMUNES</resTitle><presForm><PresFormCd value="005" Sync="TRUE"></PresFormCd></presForm></idCitation><spatRpType><SpatRepTypCd value="001" Sync="TRUE"></SpatRepTypCd></spatRpType></dataIdInfo><mdLang><languageCode value="fra" Sync="TRUE"></languageCode><countryCode value="FRA" Sync="TRUE"></countryCode></mdLang><distInfo><distFormat><formatName Sync="TRUE">Classe d’entités de la géodatabase personnelle</formatName></distFormat></distInfo><mdHrLv><ScopeCd value="005" Sync="TRUE"></ScopeCd></mdHrLv><mdHrLvName Sync="TRUE">dataset</mdHrLvName><refSysInfo><RefSystem><refSysID><identCode code="4326" Sync="TRUE"></identCode><idCodeSpace Sync="TRUE">EPSG</idCodeSpace><idVersion Sync="TRUE">6.2(3.0.1)</idVersion></refSysID></RefSystem></refSysInfo><spatRepInfo><VectSpatRep><geometObjs Name="GN_LIMITE_COMMUNES"><geoObjTyp><GeoObjTypCd value="002" Sync="TRUE"></GeoObjTypCd></geoObjTyp><geoObjCnt Sync="TRUE">0</geoObjCnt></geometObjs><topLvl><TopoLevCd value="001" Sync="TRUE"></TopoLevCd></topLvl></VectSpatRep></spatRepInfo><spdoinfo><ptvctinf><esriterm Name="GN_LIMITE_COMMUNES"><efeatyp Sync="TRUE">Simple</efeatyp><efeageom code="4" Sync="TRUE"></efeageom><esritopo Sync="TRUE">FALSE</esritopo><efeacnt Sync="TRUE">0</efeacnt><spindex Sync="TRUE">TRUE</spindex><linrefer Sync="TRUE">FALSE</linrefer></esriterm></ptvctinf></spdoinfo><eainfo><detailed Name="GN_LIMITE_COMMUNES"><enttyp><enttypl Sync="TRUE">GN_LIMITE_COMMUNES</enttypl><enttypt Sync="TRUE">Feature Class</enttypt><enttypc Sync="TRUE">0</enttypc></enttyp><attr><attrlabl Sync="TRUE">OBJECTID_1</attrlabl><attalias Sync="TRUE">FID</attalias><attrtype Sync="TRUE">OID</attrtype><attwidth Sync="TRUE">4</attwidth><atprecis Sync="TRUE">0</atprecis><attscale Sync="TRUE">0</attscale><attrdef Sync="TRUE">Internal feature number.</attrdef><attrdefs Sync="TRUE">Esri</attrdefs><attrdomv><udom Sync="TRUE">Sequential unique whole numbers that are automatically generated.</udom></attrdomv></attr><attr><attrlabl Sync="TRUE">OBJECTID</attrlabl><attalias Sync="TRUE">OBJECTID</attalias><attrtype Sync="TRUE">Integer</attrtype><attwidth Sync="TRUE">4</attwidth><atprecis Sync="TRUE">0</atprecis><attscale Sync="TRUE">0</attscale><attrdef Sync="TRUE">Internal feature number.</attrdef><attrdefs Sync="TRUE">Esri</attrdefs><attrdomv><udom Sync="TRUE">Sequential unique whole numbers that are automatically generated.</udom></attrdomv></attr><attr><attrlabl Sync="TRUE">Shape</attrlabl><attalias Sync="TRUE">Shape</attalias><attrtype Sync="TRUE">Geometry</attrtype><attwidth Sync="TRUE">0</attwidth><atprecis Sync="TRUE">0</atprecis><attscale Sync="TRUE">0</attscale><attrdef Sync="TRUE">Feature geometry.</attrdef><attrdefs Sync="TRUE">Esri</attrdefs><attrdomv><udom Sync="TRUE">Coordinates defining the features.</udom></attrdomv></attr><attr><attrlabl Sync="TRUE">C_REGION</attrlabl><attalias Sync="TRUE">C_REGION</attalias><attrtype Sync="TRUE">Integer</attrtype><attwidth Sync="TRUE">4</attwidth><atprecis Sync="TRUE">0</atprecis><attscale Sync="TRUE">0</attscale></attr><attr><attrlabl Sync="TRUE">N_REGION</attrlabl><attalias Sync="TRUE">N_REGION</attalias><attrtype Sync="TRUE">String</attrtype><attwidth Sync="TRUE">254</attwidth><atprecis Sync="TRUE">0</atprecis><attscale Sync="TRUE">0</attscale></attr><attr><attrlabl Sync="TRUE">C_PREFECTU</attrlabl><attalias Sync="TRUE">C_PREFECTU</attalias><attrtype Sync="TRUE">Integer</attrtype><attwidth Sync="TRUE">4</attwidth><atprecis Sync="TRUE">0</atprecis><attscale Sync="TRUE">0</attscale></attr><attr><attrlabl Sync="TRUE">N_PREFECTU</attrlabl><attalias Sync="TRUE">N_PREFECTU</attalias><attrtype Sync="TRUE">String</attrtype><attwidth Sync="TRUE">254</attwidth><atprecis Sync="TRUE">0</atprecis><attscale Sync="TRUE">0</attscale></attr><attr><attrlabl Sync="TRUE">C_COMMUNE</attrlabl><attalias Sync="TRUE">C_COMMUNE</attalias><attrtype Sync="TRUE">Integer</attrtype><attwidth Sync="TRUE">4</attwidth><atprecis Sync="TRUE">0</atprecis><attscale Sync="TRUE">0</attscale></attr><attr><attrlabl Sync="TRUE">N_COMMUNE</attrlabl><attalias Sync="TRUE">N_COMMUNE</attalias><attrtype Sync="TRUE">String</attrtype><attwidth Sync="TRUE">254</attwidth><atprecis Sync="TRUE">0</atprecis><attscale Sync="TRUE">0</attscale></attr><attr><attrlabl Sync="TRUE">Shape_Length</attrlabl><attalias Sync="TRUE">Shape_Length</attalias><attrtype Sync="TRUE">Double</attrtype><attwidth Sync="TRUE">8</attwidth><atprecis Sync="TRUE">0</atprecis><attscale Sync="TRUE">0</attscale><attrdef Sync="TRUE">Length of feature in internal units.</attrdef><attrdefs Sync="TRUE">Esri</attrdefs><attrdomv><udom Sync="TRUE">Positive real numbers that are automatically generated.</udom></attrdomv></attr><attr><attrlabl Sync="TRUE">Shape_Area</attrlabl><attalias Sync="TRUE">Shape_Area</attalias><attrtype Sync="TRUE">Double</attrtype><attwidth Sync="TRUE">8</attwidth><atprecis Sync="TRUE">0</atprecis><attscale Sync="TRUE">0</attscale><attrdef Sync="TRUE">Area of feature in internal units squared.</attrdef><attrdefs Sync="TRUE">Esri</attrdefs><attrdomv><udom Sync="TRUE">Positive real numbers that are automatically generated.</udom></attrdomv></attr></detailed></eainfo><mdDateSt Sync="TRUE">20250419</mdDateSt></metadata>
